{"displayType": "table", "id": "43jt-u7yn", "owner": {"id": "dbag-6qd9", "displayName": "OpenData", "type": "interactive", "screenName": "OpenData"}, "attributionLink": "http://openbook.sfgov.org", "publicationGroup": 1618481, "rights": ["read"], "category": "City Management and Ethics", "name": "Spending - FTE", "hideFromDataJson": false, "publicationStage": "published", "oid": 30244877, "query": {"orderBys": [{"ascending": false, "expression": {"columnId": 385954606, "type": "column"}}]}, "flags": ["default", "restorable", "restorePossibleForType"], "totalTimesRated": 0, "attribution": "SF Controller's Office", "description": "The San Francisco Controller's Office maintains a database of actual citywide staffing data from fiscal year 2003 forward. This data is presented on the Spending and Revenue report hosted at http://openbook.sfgov.org, and is also available in this dataset in CSV format. New data is added on a weekly basis.", "licenseId": "PDDL", "hideFromCatalog": false, "viewCount": 1221, "tableId": 15723253, "columns": [{"renderTypeName": "number", "id": 385954606, "tableColumnId": 20293468, "fieldName": "fiscal_year", "format": {"noCommas": "true", "align": "right", "precisionStyle": "standard"}, "position": 1, "cachedContents": {"smallest": "2003", "cardinality": "17", "largest": "2019", "non_null": 414659, "not_null": "416257", "top": [{"item": "2017", "count": "27225"}, {"item": "2016", "count": "26653"}, {"item": "2015", "count": "25984"}, {"item": "2003", "count": "25324"}, {"item": "2014", "count": "25203"}, {"item": "2009", "count": "24750"}, {"item": "2005", "count": "24737"}, {"item": "2007", "count": "24720"}, {"item": "2008", "count": "24572"}, {"item": "2004", "count": "24477"}, {"item": "2013", "count": "24472"}, {"item": "2006", "count": "24083"}, {"item": "2010", "count": "23868"}, {"item": "2012", "count": "23797"}, {"item": "2011", "count": "23408"}, {"item": "2019", "count": "21828"}, {"item": "2018", "count": "21156"}], "sum": "833849374", "average": "2010.927952848003", "null": "0"}, "name": "Fiscal Year", "dataTypeName": "number", "description": "An accounting period of 12 months. The City and County of San Francisco operates on a fiscal year that begins on July 1 and ends on June 30 the following year. The Fiscal Year ending June 30, 2012 is represented as FY2011-2012.", "width": 234}, {"renderTypeName": "text", "id": 385954607, "tableColumnId": 20293470, "fieldName": "related_govt_unit", "format": {"align": "left"}, "position": 2, "cachedContents": {"smallest": "No", "cardinality": "2", "largest": "Yes", "non_null": 414659, "not_null": "416257", "top": [{"item": "No", "count": "410079"}, {"item": "Yes", "count": "6178"}], "null": "0"}, "name": "Related Govt Unit", "dataTypeName": "text", "description": "In SFOpenBook, these are fiduciary funds and component units that are included in the City\u2019s financial statements but are different in nature from the other funds and organizations in City government. Fiduciary Funds include all Trust and Agency Funds that account for assets held by the City as a trustee or as an agency for individuals or other governmental units.", "width": 147}, {"renderTypeName": "text", "id": 385954608, "tableColumnId": 20293473, "fieldName": "organization_group_code", "format": {"align": "left"}, "position": 3, "cachedContents": {"smallest": "01", "cardinality": "7", "largest": "07", "non_null": 414659, "not_null": "416257", "top": [{"item": "02", "count": "172021"}, {"item": "04", "count": "74764"}, {"item": "06", "count": "63109"}, {"item": "01", "count": "45763"}, {"item": "03", "count": "30629"}, {"item": "05", "count": "29610"}, {"item": "07", "count": "361"}], "null": "0"}, "name": "Organization Group Code", "dataTypeName": "text", "description": "Org Group is a group of Departments. For example, the Public Protection Org Group includes departments such as the Police, Fire, Adult Probation, District Attorney, and Sheriff.", "width": 199}, {"renderTypeName": "text", "id": 385954609, "tableColumnId": 20293475, "fieldName": "organization_group", "format": {"align": "left"}, "position": 4, "cachedContents": {"smallest": "Community Health", "cardinality": "7", "largest": "Public Works, Transportation & Commerce", "non_null": 414659, "not_null": "416257", "top": [{"item": "Public Works, Transportation & Commerce", "count": "172021"}, {"item": "Community Health", "count": "74764"}, {"item": "General Administration & Finance", "count": "63109"}, {"item": "Public Protection", "count": "45763"}, {"item": "Human Welfare & Neighborhood Development", "count": "30629"}, {"item": "Culture & Recreation", "count": "29610"}, {"item": "General City Responsibilities", "count": "361"}], "null": "0"}, "name": "Organization Group", "dataTypeName": "text", "description": "Org Group is a group of Departments. For example, the Public Protection Org Group includes departments such as the Police, Fire, Adult Probation, District Attorney, and Sheriff.", "width": 318}, {"renderTypeName": "text", "id": 385954610, "tableColumnId": 20293476, "fieldName": "department_code", "format": {"align": "left"}, "position": 5, "cachedContents": {"smallest": "AAM", "cardinality": "61", "largest": "WTR", "non_null": 414659, "not_null": "416179", "top": [{"item": "DPH", "count": "74764"}, {"item": "DPW", "count": "43821"}, {"item": "MTA", "count": "34293"}, {"item": "AIR", "count": "23722"}, {"item": "PUC", "count": "19655"}, {"item": "DSS", "count": "17788"}, {"item": "WTR", "count": "15134"}, {"item": "ADM", "count": "14861"}, {"item": "REC", "count": "14420"}, {"item": "POL", "count": "11552"}, {"item": "HHP", "count": "10589"}, {"item": "PRT", "count": "8893"}, {"item": "CWP", "count": "7821"}, {"item": "LIB", "count": "7362"}, {"item": "SHF", "count": "7234"}, {"item": "FIR", "count": "6776"}, {"item": "TTX", "count": "6593"}, {"item": "CON", "count": "6252"}, {"item": "TIS", "count": "6226"}, {"item": "HRD", "count": "5639"}], "null": "78"}, "name": "Department Code", "dataTypeName": "text", "description": "Departments are the primary organizational unit used by the City and County of San Francisco. Examples include Recreation and Parks, Public Works, and the Police Department.", "width": 141}, {"renderTypeName": "text", "id": 385954611, "tableColumnId": 20293479, "fieldName": "department", "format": {"align": "left"}, "position": 6, "cachedContents": {"smallest": "AAM Asian Art Museum", "cardinality": "108", "largest": "WOM Status of Women", "non_null": 414659, "not_null": "416179", "top": [{"item": "Public Health", "count": "69464"}, {"item": "General Services Agency - Public Works", "count": "38266"}, {"item": "Municipal Transportation Agency", "count": "30213"}, {"item": "Airport Commission", "count": "21441"}, {"item": "Human Services", "count": "17788"}, {"item": "PUC Water Department", "count": "15134"}, {"item": "PUC Public Utilities Commission", "count": "14132"}, {"item": "General Services Agency - City Admin", "count": "13048"}, {"item": "Recreation and Park Commission", "count": "12831"}, {"item": "PUC Hetch Hetchy", "count": "10589"}, {"item": "Police", "count": "10521"}, {"item": "PUC Wastewater Enterprise", "count": "7821"}, {"item": "Port", "count": "7800"}, {"item": "Public Library", "count": "6783"}, {"item": "Sheriff", "count": "6589"}, {"item": "Fire Department", "count": "6096"}, {"item": "Treasurer/Tax Collector", "count": "5940"}, {"item": "General Services Agency - Technology", "count": "5611"}, {"item": "DPW GSA - Public Works", "count": "5555"}, {"item": "Controller", "count": "5530"}], "null": "78"}, "name": "Department", "dataTypeName": "text", "description": "Departments are the primary organizational unit used by the City and County of San Francisco. Examples include Recreation and Parks, Public Works, and the Police Department.", "width": 222}, {"renderTypeName": "text", "id": 385954612, "tableColumnId": 20293481, "fieldName": "program_code", "format": {"align": "left"}, "position": 7, "cachedContents": {"smallest": "0", "cardinality": "420", "largest": "XXX", "non_null": 414659, "not_null": "416257", "top": [{"item": "OPR", "count": "33183"}, {"item": "D1H", "count": "11284"}, {"item": "DA5", "count": "8362"}, {"item": "BEN", "count": "7833"}, {"item": "BE2", "count": "7297"}, {"item": "BAW", "count": "7228"}, {"item": "BDK", "count": "7072"}, {"item": "DMM", "count": "6663"}, {"item": "BE1", "count": "6427"}, {"item": "BG6", "count": "5990"}, {"item": "FAL", "count": "5299"}, {"item": "CAO", "count": "5268"}, {"item": "BDA", "count": "5243"}, {"item": "DHA", "count": "5052"}, {"item": "DHP", "count": "4939"}, {"item": "CAP", "count": "4387"}, {"item": "BE7", "count": "4077"}, {"item": "DPD", "count": "3935"}, {"item": "ACM", "count": "3806"}, {"item": "DPM", "count": "3597"}], "null": "0"}, "name": "Program Code", "dataTypeName": "text", "description": "A program identifies the services a department provides. For example, the Police Department has programs for Patrol, Investigations, and Administration.", "width": 246}, {"renderTypeName": "text", "id": 385954613, "tableColumnId": 20293483, "fieldName": "program", "format": {"align": "left"}, "position": 8, "cachedContents": {"smallest": "311 Call Center", "cardinality": "400", "largest": "Zoning Administration And Compliance", "non_null": 414659, "not_null": "416257", "top": [{"item": "Operating", "count": "33183"}, {"item": "Administration", "count": "20130"}, {"item": "SFGH - Acute Care - Hospital", "count": "11284"}, {"item": "Laguna Honda - Long Term Care", "count": "8362"}, {"item": "Rail & Bus Services", "count": "7833"}, {"item": "Parking & Traffic", "count": "7297"}, {"item": "City Capital Projects", "count": "7228"}, {"item": "Water Transmission/ Distribution", "count": "7072"}, {"item": "Mental Health - Community Care", "count": "6663"}, {"item": "Engineering", "count": "6010"}, {"item": "Facilities", "count": "5990"}, {"item": "Children's Baseline", "count": "5299"}, {"item": "Administrative Support", "count": "5268"}, {"item": "Central Administration", "count": "5052"}, {"item": "Primary Care - Ambu Care - Health Cntrs", "count": "4939"}, {"item": "Capital", "count": "4387"}, {"item": "Capital Programs & Construction", "count": "4077"}, {"item": "Comm Hlth - Prevention - Disease Control", "count": "3935"}, {"item": "Operations And Administration", "count": "3806"}, {"item": "Maintenance", "count": "3761"}], "null": "0"}, "name": "Program", "dataTypeName": "text", "description": "A program identifies the services a department provides. For example, the Police Department has programs for Patrol, Investigations, and Administration.", "width": 186}, {"renderTypeName": "text", "id": 385954614, "tableColumnId": 20293485, "fieldName": "character_code", "format": {"align": "left"}, "position": 9, "cachedContents": {"smallest": "501", "cardinality": "2", "largest": "SALARIES", "non_null": 414659, "not_null": "416256", "top": [{"item": "501", "count": "373273"}, {"item": "SALARIES", "count": "42983"}], "null": "1"}, "name": "Character Code", "dataTypeName": "text", "description": "In the type hierarchy, Character is the highest level. For example, salaries, benefits, contractual services, and materials & supplies are recorded as different Characters. ", "width": 270}, {"renderTypeName": "text", "id": 385954615, "tableColumnId": 20293487, "fieldName": "character", "format": {"align": "left"}, "position": 10, "cachedContents": {"smallest": "Salaries", "cardinality": "1", "largest": "Salaries", "non_null": 373273, "not_null": "373273", "top": [{"item": "Salaries", "count": "373273"}], "null": "42984"}, "name": "Character", "dataTypeName": "text", "description": "In the type hierarchy, Character is the highest level. For example, salaries, benefits, contractual services, and materials & supplies are recorded as different Characters. ", "width": 210}, {"renderTypeName": "text", "id": 385954616, "tableColumnId": 20293490, "fieldName": "object_code", "format": {"align": "left"}, "position": 11, "cachedContents": {"smallest": "501", "cardinality": "2", "largest": "PERM_SAL_MISC", "non_null": 414659, "not_null": "416256", "top": [{"item": "501", "count": "373273"}, {"item": "PERM_SAL_MISC", "count": "42983"}], "null": "1"}, "name": "Object Code", "dataTypeName": "text", "description": "In the type hierarchy, Object is the middle level. For example, within the Salaries Character, Objects differentiate between Permanent Salaries, Temporary Salaries, and Overtime pay. ", "width": 234}, {"renderTypeName": "text", "id": 385954617, "tableColumnId": 20293492, "fieldName": "object", "format": {"align": "left"}, "position": 12, "cachedContents": {"smallest": "Permanent Salaries-Misc", "cardinality": "1", "largest": "Permanent Salaries-Misc", "non_null": 373273, "not_null": "373273", "top": [{"item": "Permanent Salaries-Misc", "count": "373273"}], "null": "42984"}, "name": "Object", "dataTypeName": "text", "description": "In the type hierarchy, Object is the middle level. For example, within the Salaries Character, Objects differentiate between Permanent Salaries, Temporary Salaries, and Overtime pay. ", "width": 174}, {"renderTypeName": "text", "id": 385954618, "tableColumnId": 20293494, "fieldName": "sub_object_code", "format": {"align": "left"}, "position": 13, "cachedContents": {"smallest": "501010", "cardinality": "11", "largest": "511060", "non_null": 414659, "not_null": "416256", "top": [{"item": "501010", "count": "148812"}, {"item": "501050", "count": "95308"}, {"item": "501020", "count": "86321"}, {"item": "501040", "count": "84576"}, {"item": "501030", "count": "1139"}, {"item": "509010", "count": "34"}, {"item": "511060", "count": "27"}, {"item": "503080", "count": "17"}, {"item": "501070", "count": "13"}, {"item": "511010", "count": "5"}, {"item": "501060", "count": "4"}], "null": "1"}, "name": "Sub-object Code", "dataTypeName": "text", "description": "In the type hierarchy, Sub-object is the lowest level of detail. For instance, within the Overtime Object, Sub-object segregates overtime for nurses from overtime for police officers and fire fighters (known as uniformed staff).", "width": 282}, {"renderTypeName": "text", "id": 385954619, "tableColumnId": 20293496, "fieldName": "sub_object", "format": {"align": "left"}, "position": 14, "cachedContents": {"smallest": "Holiday Pay - Misc", "cardinality": "11", "largest": "Premium Pay - Misc", "non_null": 373273, "not_null": "373273", "top": [{"item": "Perm Salaries-Misc-Regular", "count": "131635"}, {"item": "Misc-Other Timeoff", "count": "86197"}, {"item": "Misc-Sick Pay", "count": "77847"}, {"item": "Misc-Vacation", "count": "76355"}, {"item": "Misc-Disability Pay", "count": "1139"}, {"item": "Premium Pay - Misc", "count": "34"}, {"item": "Overtime - Unsched Misc", "count": "27"}, {"item": "Platform-Performance Incentive", "count": "17"}, {"item": "Holiday Pay - Misc", "count": "13"}, {"item": "Overtime - Scheduled Misc", "count": "5"}, {"item": "Misc-Ret Payoff-SP & Vac", "count": "4"}], "null": "42984"}, "name": "Sub-object", "dataTypeName": "text", "description": "In the type hierarchy, Sub-object is the lowest level of detail. For instance, within the Overtime Object, Sub-object segregates overtime for nurses from overtime for police officers and fire fighters (known as uniformed staff).", "width": 222}, {"renderTypeName": "text", "id": 385954620, "tableColumnId": 20293498, "fieldName": "fund_type_code", "format": {"align": "left"}, "position": 15, "cachedContents": {"smallest": "1G", "cardinality": "32", "largest": "SP_REV", "non_null": 414659, "not_null": "416178", "top": [{"item": "1G", "count": "144431"}, {"item": "2S", "count": "68851"}, {"item": "5W", "count": "29268"}, {"item": "5A", "count": "23503"}, {"item": "5M", "count": "22037"}, {"item": "5H", "count": "17526"}, {"item": "ENT_FUND", "count": "16466"}, {"item": "GEN_FUND", "count": "15441"}, {"item": "5T", "count": "11421"}, {"item": "5C", "count": "10278"}, {"item": "5L", "count": "8985"}, {"item": "5P", "count": "8732"}, {"item": "SP_REV", "count": "8189"}, {"item": "5N", "count": "7383"}, {"item": "6I", "count": "7062"}, {"item": "3C", "count": "6926"}, {"item": "7A", "count": "3320"}, {"item": "7P", "count": "1968"}, {"item": "CPTL_PRJ", "count": "1286"}, {"item": "INTRL_SRVC", "count": "811"}], "null": "79"}, "name": "Fund Type Code", "dataTypeName": "text", "description": "In the Fund hierarchy, Fund Type is the highest level, and is used to group Funds according to governmental accounting standards. ", "width": 270}, {"renderTypeName": "text", "id": 385954621, "tableColumnId": 20293500, "fieldName": "fund_type", "format": {"align": "left"}, "position": 16, "cachedContents": {"smallest": "Agency Funds", "cardinality": "24", "largest": "Treasure Island Development Authority", "non_null": 373273, "not_null": "373273", "top": [{"item": "General Fund", "count": "144431"}, {"item": "Special Revenue Funds", "count": "68851"}, {"item": "PUC Water Department Funds", "count": "29268"}, {"item": "SF International Airport Funds", "count": "23503"}, {"item": "MTA Municipal Railway Funds", "count": "22037"}, {"item": "General Hospital Medical Center Funds", "count": "17526"}, {"item": "PUC Hetch Hetchy Funds", "count": "11421"}, {"item": "PUC Wastewater Funds", "count": "10278"}, {"item": "Laguna Honda Hospital Funds", "count": "8985"}, {"item": "Port Of San Francisco Funds", "count": "8732"}, {"item": "MTA Parking & Traffic Funds", "count": "7383"}, {"item": "Internal Service Funds", "count": "7062"}, {"item": "Capital Projects Funds", "count": "6926"}, {"item": "Agency Funds", "count": "3320"}, {"item": "Pension Trust Funds", "count": "1968"}, {"item": "MTA Parking Garages/Other", "count": "609"}, {"item": "Expendable Trust Funds", "count": "474"}, {"item": "MTA Taxi Commission", "count": "229"}, {"item": "Treasure Island Development Authority", "count": "95"}, {"item": "Other Employee Benefit Trust Funds", "count": "56"}], "null": "42984"}, "name": "Fund Type", "dataTypeName": "text", "description": "In the Fund hierarchy, Fund Type is the highest level, and is used to group Funds according to governmental accounting standards. ", "width": 210}, {"renderTypeName": "text", "id": 385954622, "tableColumnId": 20293502, "fieldName": "fund_code", "format": {"align": "left"}, "position": 17, "cachedContents": {"smallest": "~", "cardinality": "248", "largest": "SP_REV~CHLD_SUPP_SRVCS", "non_null": 414659, "not_null": "416257", "top": [{"item": "1GAGF", "count": "141002"}, {"item": "5AAAA", "count": "21902"}, {"item": "2SPWF", "count": "21888"}, {"item": "5MAAA", "count": "19139"}, {"item": "5HAAA", "count": "17465"}, {"item": "5WAAA", "count": "15353"}, {"item": "2SCHS", "count": "11312"}, {"item": "5WPUC", "count": "10900"}, {"item": "5TAAA", "count": "10764"}, {"item": "GEN_FUND~10000", "count": "10396"}, {"item": "5LAAA", "count": "8413"}, {"item": "5PAAA", "count": "8313"}, {"item": "5CAAA", "count": "7575"}, {"item": "2SLIB", "count": "6987"}, {"item": "5NAAA", "count": "5242"}, {"item": "6ITIF", "count": "5045"}, {"item": "2SBIF", "count": "4738"}, {"item": "2SPPF", "count": "3966"}, {"item": "1GOHF", "count": "3429"}, {"item": "7ACRT", "count": "3319"}], "null": "0"}, "name": "Fund Code", "dataTypeName": "text", "description": "In the Fund hierarchy, Fund is the middle level. For example, within the Special Revenue Fund Type, you can find the Children\u2019s Fund and the Open Space & Park Fund. ", "width": 210}, {"renderTypeName": "text", "id": 385954623, "tableColumnId": 20293505, "fieldName": "fund", "format": {"align": "left"}, "position": 18, "cachedContents": {"smallest": "Airport Capital Projects Fund", "cardinality": "83", "largest": "Water Operating Grants Fund", "non_null": 373273, "not_null": "373273", "top": [{"item": "General Fund", "count": "141002"}, {"item": "Airport Operating Fund", "count": "21902"}, {"item": "Public Works, Transp. & Commerce Fund", "count": "21888"}, {"item": "Muni Operating Fund", "count": "19139"}, {"item": "General Hopsital Operating Fund", "count": "17465"}, {"item": "Water Operating Fund", "count": "15353"}, {"item": "Community Health Services Fund", "count": "11312"}, {"item": "PUC Operating Fund", "count": "10900"}, {"item": "Hetch Hetchy Operating Fund", "count": "10764"}, {"item": "Laguna Honda Operating Fund", "count": "8413"}, {"item": "Port Operating Fund", "count": "8313"}, {"item": "Wastewater Operating Fund", "count": "7575"}, {"item": "Public Library Fund", "count": "6987"}, {"item": "Parking & Traffic Operating Fund", "count": "5242"}, {"item": "Telecomm. & Information Svcs Fund", "count": "5045"}, {"item": "Building Inspection Fund", "count": "4738"}, {"item": "Public Protection Fund", "count": "3966"}, {"item": "Overhead Fund", "count": "3429"}, {"item": "Trial Courts Agency Fund", "count": "3319"}, {"item": "Water Capital Projects Fund", "count": "3007"}], "null": "42984"}, "name": "Fund", "dataTypeName": "text", "description": "In the Fund hierarchy, Fund is the middle level. For example, within the Special Revenue Fund Type, you can find the Children\u2019s Fund and the Open Space & Park Fund. ", "width": 150}, {"renderTypeName": "text", "id": 385954624, "tableColumnId": 20293507, "fieldName": "fund_category_code", "format": {"align": "left"}, "position": 19, "cachedContents": {"smallest": "0", "cardinality": "7", "largest": "6", "non_null": 412982, "not_null": "414580", "top": [{"item": "1", "count": "282716"}, {"item": "5", "count": "50707"}, {"item": "3", "count": "48331"}, {"item": "4", "count": "19036"}, {"item": "2", "count": "9484"}, {"item": "0", "count": "3827"}, {"item": "6", "count": "479"}], "null": "1677"}, "name": "Fund Category Code", "dataTypeName": "text", "description": "In the Fund hierarchy, Fund Category is the lowest level. Within Fund, Fund Categories group activity by their characteristics: Operating, Annual Projects, Continuing Projects, Grants, Interdepartmental/Work Order.", "width": 207}, {"renderTypeName": "text", "id": 385954625, "tableColumnId": 20293512, "fieldName": "fund_category", "format": {"align": "left"}, "position": 20, "cachedContents": {"smallest": "Annual Projects", "cardinality": "10", "largest": "Work Orders/Overhead", "non_null": 412982, "not_null": "414580", "top": [{"item": "Operating", "count": "282716"}, {"item": "Work Orders/Overhead", "count": "50707"}, {"item": "Continuing Projects", "count": "42568"}, {"item": "Grants", "count": "17531"}, {"item": "Annual Projects", "count": "7595"}, {"item": "Continuing Projects - Authority Control", "count": "5763"}, {"item": "Unspecified", "count": "3827"}, {"item": "Annual Projects - Authority Control", "count": "1889"}, {"item": "Grants Projects", "count": "1505"}, {"item": "Continuing Projects - Project Control", "count": "479"}], "null": "1677"}, "name": "Fund Category", "dataTypeName": "text", "description": "In the Fund hierarchy, Fund Category is the lowest level. Within Fund, Fund Categories group activity by their characteristics: Operating, Annual Projects, Continuing Projects, Grants, Interdepartmental/Work Order.", "width": 258}, {"renderTypeName": "text", "id": 385954626, "tableColumnId": 36051677, "fieldName": "job_family_code", "format": {"align": "left"}, "position": 21, "cachedContents": {"smallest": "0000", "cardinality": "59", "largest": "__UNASSIGNED__", "non_null": 414659, "not_null": "416257", "top": [{"item": "1400", "count": "39111"}, {"item": "0900", "count": "38722"}, {"item": "1800", "count": "28400"}, {"item": "7300", "count": "26870"}, {"item": "5200", "count": "26389"}, {"item": "1000", "count": "25445"}, {"item": "1600", "count": "21223"}, {"item": "7200", "count": "14072"}, {"item": "5300", "count": "13112"}, {"item": "2900", "count": "13080"}, {"item": "2500", "count": "12055"}, {"item": "1200", "count": "11440"}, {"item": "2300", "count": "8737"}, {"item": "8100", "count": "8678"}, {"item": "9100", "count": "6457"}, {"item": "2400", "count": "6103"}, {"item": "9900", "count": "5672"}, {"item": "5600", "count": "5552"}, {"item": "2800", "count": "5322"}, {"item": "1900", "count": "5130"}], "null": "0"}, "name": "Job Family Code", "dataTypeName": "text", "description": "Job Family combines similar Jobs into meaningful groups.", "width": 153}, {"renderTypeName": "text", "id": 385954627, "tableColumnId": 20293517, "fieldName": "job_family", "format": {"align": "left"}, "position": 22, "cachedContents": {"smallest": "Administrative-DPW/PUC", "cardinality": "60", "largest": "Untitled", "non_null": 414659, "not_null": "416257", "top": [{"item": "Clerical, Secretarial & Steno", "count": "39111"}, {"item": "Management", "count": "38722"}, {"item": "Budget, Admn & Stats Analysis", "count": "28400"}, {"item": "Journeyman Trade", "count": "26870"}, {"item": "Professional Engineering", "count": "26389"}, {"item": "Information Systems", "count": "25445"}, {"item": "Payroll, Billing & Accounting", "count": "21223"}, {"item": "Supervisory-Labor & Trade", "count": "14072"}, {"item": "Sub-Professional Engineering", "count": "13112"}, {"item": "Human Services", "count": "13080"}, {"item": "Med Therapy & Auxiliary", "count": "12055"}, {"item": "Personnel", "count": "11440"}, {"item": "Nursing", "count": "8737"}, {"item": "Legal & Court", "count": "8678"}, {"item": "Street Transit", "count": "6457"}, {"item": "Lab, Pharmacy & Med Techs", "count": "6103"}, {"item": "Public Service Aide", "count": "5672"}, {"item": "Energy & Environment", "count": "5552"}, {"item": "Public Health", "count": "5322"}, {"item": "Purchasing & Storekeeping", "count": "5130"}], "null": "0"}, "name": "Job Family", "dataTypeName": "text", "description": "Job Family combines similar Jobs into meaningful groups.", "width": 222}, {"renderTypeName": "text", "id": 385954628, "tableColumnId": 36051678, "fieldName": "job_code", "format": {"align": "left"}, "position": 23, "cachedContents": {"smallest": "0017", "cardinality": "1547", "largest": "Q090", "non_null": 414659, "not_null": "416257", "top": [{"item": "1426", "count": "5936"}, {"item": "1823", "count": "5884"}, {"item": "1824", "count": "5476"}, {"item": "1446", "count": "4992"}, {"item": "0922", "count": "4545"}, {"item": "1842", "count": "4425"}, {"item": "0931", "count": "4211"}, {"item": "0932", "count": "3920"}, {"item": "1632", "count": "3818"}, {"item": "1822", "count": "3791"}, {"item": "1424", "count": "3761"}, {"item": "0923", "count": "3595"}, {"item": "1450", "count": "3480"}, {"item": "1406", "count": "3349"}, {"item": "1408", "count": "3249"}, {"item": "1452", "count": "3222"}, {"item": "5241", "count": "3222"}, {"item": "1404", "count": "3080"}, {"item": "0933", "count": "3076"}, {"item": "5207", "count": "2953"}], "null": "0"}, "name": "Job Code", "dataTypeName": "text", "description": "Jobs are defined by the Human Resources classification unit. Examples include gardeners, police officers, and accountants.", "width": 102}, {"renderTypeName": "text", "id": 385954629, "tableColumnId": 20293514, "fieldName": "job", "format": {"align": "left"}, "position": 24, "cachedContents": {"smallest": "Accountant I", "cardinality": "1692", "largest": "Zoo Curator", "non_null": 414659, "not_null": "416257", "top": [{"item": "Senior Clerk Typist", "count": "5936"}, {"item": "Senior Administrative Analyst", "count": "5884"}, {"item": "Pr Administrative Analyst", "count": "5476"}, {"item": "Secretary 2", "count": "4992"}, {"item": "Manager I", "count": "4545"}, {"item": "Management Assistant", "count": "4425"}, {"item": "Manager III", "count": "4211"}, {"item": "Manager IV", "count": "3920"}, {"item": "Senior Account Clerk", "count": "3818"}, {"item": "Administrative Analyst", "count": "3791"}, {"item": "Clerk Typist", "count": "3761"}, {"item": "Manager II", "count": "3595"}, {"item": "Executive Secretary 1", "count": "3480"}, {"item": "Senior Clerk", "count": "3349"}, {"item": "Principal Clerk", "count": "3249"}, {"item": "Engineer", "count": "3222"}, {"item": "Executive Secretary 2", "count": "3222"}, {"item": "Clerk", "count": "3080"}, {"item": "Manager V", "count": "3076"}, {"item": "Assoc Engineer", "count": "2953"}], "null": "0"}, "name": "Job", "dataTypeName": "text", "description": "Jobs are defined by the Human Resources classification unit. Examples include gardeners, police officers, and accountants.", "width": 138}, {"renderTypeName": "number", "id": 385954630, "tableColumnId": 20293519, "fieldName": "actual", "format": {"align": "right", "precisionStyle": "standard"}, "position": 25, "cachedContents": {"smallest": "-3696.63", "cardinality": "4329", "largest": "3837.11", "non_null": 414659, "not_null": "416257", "top": [{"item": "0.01", "count": "28689"}, {"item": "0.02", "count": "24560"}, {"item": "0.06", "count": "23063"}, {"item": "0.03", "count": "21369"}, {"item": "0.05", "count": "21287"}, {"item": "0.04", "count": "20343"}, {"item": "0.07", "count": "18515"}, {"item": "0.08", "count": "16271"}, {"item": "0.09", "count": "11298"}, {"item": "0.1", "count": "10162"}, {"item": "0.11", "count": "8467"}, {"item": "0.12", "count": "7464"}, {"item": "0.13", "count": "6457"}, {"item": "0.14", "count": "5718"}, {"item": "0.15", "count": "5166"}, {"item": "0.16", "count": "4901"}, {"item": "0.17", "count": "4400"}, {"item": "0.18", "count": "4014"}, {"item": "0.19", "count": "3594"}, {"item": "0.2", "count": "3412"}], "sum": "489064.73", "average": "1.179438357783142", "null": "0"}, "name": "Actual", "dataTypeName": "number", "description": "Actual staffing level is represented by \"Full Time Equivalent (FTE)\". One FTE equals one or more employees who together work 40 hours per week. For instance, an employee who works 40 hours per week is counted as one FTE, and  two part-time employees who each work 20 hours per week are also counted as one FTE. Overtime hours are excluded from this calculation. FTE is relative to the time period. Annual FTEs are based on 2080, 2088 or 2096 hours per year depending on how week days and leap day affect a particular year.", "width": 138}], "publicationAppendEnabled": true, "approvals": [{"submissionOutcome": "change_audience", "submissionObject": "public_audience_request", "submissionOutcomeApplication": {"status": "success", "failureCount": 0}, "submitter": {"id": "dbag-6qd9", "displayName": "OpenData"}, "submissionId": 648189, "reviewedAutomatically": true, "state": "approved", "submissionDetails": {"permissionType": "READ"}, "submittedAt": 1549850301, "workflowId": 2017, "reviewedAt": 1549850301}], "grants": [{"flags": ["public"], "type": "viewer", "inherited": false}], "rowsUpdatedAt": 1560767601, "provenance": "official", "license": {"name": "Open Data Commons Public Domain Dedication and License", "termsLink": "http://opendatacommons.org/licenses/pddl/1.0/"}, "newBackend": true, "tags": ["spending", "fte", "staffing", "sfopenbook", "open book", "openbook"], "rowsUpdatedBy": "dbag-6qd9", "viewLastModified": 1561372206, "viewType": "tabular", "tableAuthor": {"id": "dbag-6qd9", "displayName": "OpenData", "type": "interactive", "screenName": "OpenData"}, "indexUpdatedAt": 1549884851, "averageRating": 0, "publicationDate": 1549850274, "downloadCount": 1197, "metadata": {"jsonQuery": {"order": [{"columnFieldName": "fiscal_year", "ascending": false}]}, "custom_fields": {"Department Metrics": {"Publishing Department": "Controller"}, "Detailed Descriptive": {"Geographic unit": "Not applicable"}, "Publishing Details": {"Publishing frequency": "Weekly", "Data change frequency": "Bi-annually"}}, "attachments": [{"blobId": "", "filename": "N:\\All Departments\\DataCoordination\\Metadata Spring Cleaning\\CON_DataDictionary_Spending-FTE.pdf", "assetId": "e326bf4a-fe99-4631-9dd3-98976bab4f6d", "name": "CON_DataDictionary_Spending-FTE.pdf"}, {"blobId": "", "filename": "CON_DataDictionary_Spending-FTE.xlsx", "assetId": "d29e2799-44f4-4f4d-bc63-cd9270513db1", "name": "CON_DataDictionary_Spending-FTE.xlsx"}], "rdfSubject": "0", "renderTypeConfig": {"visible": {"table": true}}, "availableDisplayTypes": ["table", "fatrow", "page"], "rowLabel": "Row"}, "numberOfComments": 0, "createdAt": 1402953219}