{"displayType": "table", "id": "bpnb-jwfb", "owner": {"id": "dbag-6qd9", "displayName": "OpenData", "type": "interactive", "screenName": "OpenData"}, "attributionLink": "http://openbook.sfgov.org", "publicationGroup": 771456, "rights": ["read"], "category": "City Management and Ethics", "name": "Spending and Revenue", "hideFromDataJson": false, "publicationStage": "published", "oid": 30220345, "query": {"orderBys": [{"ascending": false, "expression": {"columnId": 385492413, "type": "column"}}, {"ascending": true, "expression": {"columnId": 385492414, "type": "column"}}]}, "flags": ["default", "restorable", "restorePossibleForType"], "totalTimesRated": 0, "attribution": "SF Controller's Office", "description": "The San Francisco Controller's Office maintains a database of spending and revenue data sourced from it's citywide financial system. This data is presented on the Spending and Revenue report hosted at http://openbook.sfgov.org, and is also available in this dataset in CSV format. New data is added on a weekly basis, and is available from fiscal year 2000 forward.", "licenseId": "PDDL", "hideFromCatalog": false, "viewCount": 6782, "tableId": 15715101, "columns": [{"renderTypeName": "number", "id": 385492413, "tableColumnId": 18843878, "fieldName": "fiscal_year", "format": {"noCommas": "true", "align": "right", "precisionStyle": "standard"}, "position": 1, "cachedContents": {"smallest": "1999", "cardinality": "20", "largest": "2019", "non_null": 564995, "not_null": "546789", "top": [{"item": "2017", "count": "31859"}, {"item": "2016", "count": "30726"}, {"item": "2015", "count": "29873"}, {"item": "2014", "count": "29604"}, {"item": "2013", "count": "29387"}, {"item": "2012", "count": "28654"}, {"item": "2010", "count": "28579"}, {"item": "2011", "count": "28380"}, {"item": "2009", "count": "28196"}, {"item": "2008", "count": "27659"}, {"item": "2007", "count": "27219"}, {"item": "2006", "count": "27003"}, {"item": "2005", "count": "25930"}, {"item": "2002", "count": "25895"}, {"item": "2003", "count": "25503"}, {"item": "2001", "count": "25099"}, {"item": "2000", "count": "24726"}, {"item": "2004", "count": "24676"}, {"item": "2019", "count": "24237"}, {"item": "1999", "count": "23584"}], "sum": "1135176421", "average": "2009.179587429977", "null": "0"}, "name": "Fiscal Year", "dataTypeName": "number", "description": "An accounting period of 12 months. The City and County of San Francisco operates on a fiscal year that begins on July 1 and ends on June 30 the following year. The Fiscal Year ending June 30, 2012 is represented as FY2011-2012.", "width": 67}, {"renderTypeName": "text", "id": 385492414, "tableColumnId": 9139504, "fieldName": "revenue_or_spending", "format": {"align": "left"}, "position": 2, "cachedContents": {"smallest": "Revenue", "cardinality": "2", "largest": "Spending", "non_null": 564995, "not_null": "546789", "top": [{"item": "Spending", "count": "467355"}, {"item": "Revenue", "count": "79434"}], "null": "0"}, "name": "Revenue or Spending", "dataTypeName": "text", "description": "Revenue or Spending", "width": 210}, {"renderTypeName": "text", "id": 385492415, "tableColumnId": 9139505, "fieldName": "related_govt_units", "format": {"align": "left"}, "position": 3, "cachedContents": {"smallest": "No", "cardinality": "4", "largest": "YES", "non_null": 564995, "not_null": "546789", "top": [{"item": "No", "count": "510621"}, {"item": "NO", "count": "23552"}, {"item": "Yes", "count": "11931"}, {"item": "YES", "count": "685"}], "null": "0"}, "name": "Related Govt Units", "dataTypeName": "text", "description": "In SFOpenBook, these are fiduciary funds and component units that are included in the City\u2019s financial statements but are different in nature from the other funds and organizations in City government. Fiduciary Funds include all Trust and Agency Funds that account for assets held by the City as a trustee or as an agency for individuals or other governmental units.", "width": 199}, {"renderTypeName": "text", "id": 385492416, "tableColumnId": 18844660, "fieldName": "organization_group_code", "format": {"align": "left"}, "position": 4, "cachedContents": {"smallest": "01", "cardinality": "7", "largest": "07", "non_null": 564995, "not_null": "546789", "top": [{"item": "02", "count": "205656"}, {"item": "06", "count": "103932"}, {"item": "01", "count": "65934"}, {"item": "04", "count": "62161"}, {"item": "05", "count": "58995"}, {"item": "03", "count": "44554"}, {"item": "07", "count": "5557"}], "null": "0"}, "name": "Organization Group Code", "dataTypeName": "text", "description": "Org Group is a group of Departments. For example, the Public Protection Org Group includes departments such as the Police, Fire, Adult Probation, District Attorney, and Sheriff.", "width": 163}, {"renderTypeName": "text", "id": 385492417, "tableColumnId": 9139506, "fieldName": "organization_group", "format": {"align": "left"}, "position": 5, "cachedContents": {"smallest": "Community Health", "cardinality": "7", "largest": "Public Works, Transportation & Commerce", "non_null": 564995, "not_null": "546789", "top": [{"item": "Public Works, Transportation & Commerce", "count": "205656"}, {"item": "General Administration & Finance", "count": "103932"}, {"item": "Public Protection", "count": "65934"}, {"item": "Community Health", "count": "62161"}, {"item": "Culture & Recreation", "count": "58995"}, {"item": "Human Welfare & Neighborhood Development", "count": "44554"}, {"item": "General City Responsibilities", "count": "5557"}], "null": "0"}, "name": "Organization Group", "dataTypeName": "text", "description": "Org Group is a group of Departments. For example, the Public Protection Org Group includes departments such as the Police, Fire, Adult Probation, District Attorney, and Sheriff.", "width": 284}, {"renderTypeName": "text", "id": 385492418, "tableColumnId": 18844661, "fieldName": "department_code", "format": {"align": "left"}, "position": 6, "cachedContents": {"smallest": "AAM", "cardinality": "66", "largest": "WTR", "non_null": 564995, "not_null": "546789", "top": [{"item": "DPW", "count": "63032"}, {"item": "DPH", "count": "62161"}, {"item": "MTA", "count": "40797"}, {"item": "ADM", "count": "28988"}, {"item": "REC", "count": "27526"}, {"item": "PUC", "count": "20365"}, {"item": "DSS", "count": "17729"}, {"item": "WTR", "count": "16966"}, {"item": "AIR", "count": "16723"}, {"item": "ART", "count": "14866"}, {"item": "HHP", "count": "13932"}, {"item": "POL", "count": "13092"}, {"item": "SHF", "count": "13019"}, {"item": "HRD", "count": "12001"}, {"item": "PRT", "count": "11514"}, {"item": "MYR", "count": "11258"}, {"item": "TIS", "count": "9950"}, {"item": "CWP", "count": "9649"}, {"item": "TTX", "count": "9514"}, {"item": "ENV", "count": "9427"}], "null": "0"}, "name": "Department Code", "dataTypeName": "text", "description": "Departments are the primary organizational unit used by the City and County of San Francisco. Examples include Recreation and Parks, Public Works, and the Police Department.", "width": 118}, {"renderTypeName": "text", "id": 385492419, "tableColumnId": 9139507, "fieldName": "department", "format": {"align": "left"}, "position": 7, "cachedContents": {"smallest": "AAM Asian Art Museum", "cardinality": "60", "largest": "WWE Wastewater Enterprise", "non_null": 522551, "not_null": "522551", "top": [{"item": "DPH Public Health", "count": "60546"}, {"item": "DPW GSA - Public Works", "count": "58888"}, {"item": "MTA Municipal Transprtn Agncy", "count": "38917"}, {"item": "ADM Gen Svcs Agency-City Admin", "count": "27858"}, {"item": "REC Recreation & Park Commsn", "count": "25903"}, {"item": "PUB Public Utilities Bureaus", "count": "17846"}, {"item": "HSA Human Services Agency", "count": "17729"}, {"item": "WTR Water Enterprise", "count": "16966"}, {"item": "AIR Airport Commission", "count": "16227"}, {"item": "ART Arts Commission", "count": "14141"}, {"item": "HHP Hetch Hetchy Water & Power", "count": "13932"}, {"item": "SHF Sheriff", "count": "12541"}, {"item": "POL Police", "count": "12514"}, {"item": "HRD Human Resources", "count": "11626"}, {"item": "PRT Port", "count": "10957"}, {"item": "MYR Mayor", "count": "10738"}, {"item": "WWE Wastewater Enterprise", "count": "9649"}, {"item": "DT GSA - Technology", "count": "9420"}, {"item": "TTX Treasurer/Tax Collector", "count": "9276"}, {"item": "ENV Environment", "count": "9126"}], "null": "24238"}, "name": "Department", "dataTypeName": "text", "description": "Departments are the primary organizational unit used by the City and County of San Francisco. Examples include Recreation and Parks, Public Works, and the Police Department.", "width": 220}, {"renderTypeName": "text", "id": 385492420, "tableColumnId": 18844662, "fieldName": "program_code", "format": {"align": "left"}, "position": 8, "cachedContents": {"smallest": "AAD", "cardinality": "605", "largest": "ZZZ", "non_null": 562130, "not_null": "545193", "top": [{"item": "BAW", "count": "14677"}, {"item": "OPR", "count": "14102"}, {"item": "D1H", "count": "7689"}, {"item": "XXX", "count": "7545"}, {"item": "BCI", "count": "7136"}, {"item": "FAL", "count": "6923"}, {"item": "BE2", "count": "6762"}, {"item": "BDA", "count": "6318"}, {"item": "ECS", "count": "6175"}, {"item": "DA5", "count": "5696"}, {"item": "BAR", "count": "5240"}, {"item": "BKG", "count": "5189"}, {"item": "CAP", "count": "4807"}, {"item": "BAX", "count": "4535"}, {"item": "BKY", "count": "4444"}, {"item": "DHP", "count": "4197"}, {"item": "BCP", "count": "4183"}, {"item": "DHA", "count": "4151"}, {"item": "EAE", "count": "4085"}, {"item": "CAO", "count": "4053"}], "null": "1596"}, "name": "Program Code", "dataTypeName": "text", "description": "A program identifies the services a department provides. For example, the Police Department has programs for Patrol, Investigations, and Administration.", "width": 100}, {"renderTypeName": "text", "id": 385492421, "tableColumnId": 9139508, "fieldName": "program", "format": {"align": "left"}, "position": 9, "cachedContents": {"smallest": "1660 Mission Street Building", "cardinality": "562", "largest": "Zoo Operations", "non_null": 562130, "not_null": "545193", "top": [{"item": "Administration", "count": "19302"}, {"item": "City Capital Projects", "count": "14677"}, {"item": "Operating", "count": "14102"}, {"item": "No Program Defined", "count": "9602"}, {"item": "SFGH - Acute Care - Hospital", "count": "7689"}, {"item": "Water Capital Projects", "count": "7136"}, {"item": "Children's Baseline", "count": "6923"}, {"item": "Parking & Traffic", "count": "6762"}, {"item": "Capital Projects", "count": "6180"}, {"item": "Laguna Honda - Long Term Care", "count": "5696"}, {"item": "Engineering", "count": "5371"}, {"item": "Building Repair And Maintenance", "count": "5240"}, {"item": "Traffic Engineering & Operation", "count": "5189"}, {"item": "Maintenance", "count": "5158"}, {"item": "Capital", "count": "4711"}, {"item": "Neighborhood Services", "count": "4703"}, {"item": "Wastewater Operations", "count": "4535"}, {"item": "Primary Care - Ambu Care - Health Cntrs", "count": "4197"}, {"item": "Hetch Hetchy Capital Projects", "count": "4183"}, {"item": "Central Administration", "count": "4151"}], "null": "1596"}, "name": "Program", "dataTypeName": "text", "description": "A program identifies the services a department provides. For example, the Police Department has programs for Patrol, Investigations, and Administration.", "width": 202}, {"renderTypeName": "text", "id": 385492422, "tableColumnId": 18844663, "fieldName": "character_code", "format": {"align": "left"}, "position": 10, "cachedContents": {"smallest": "406", "cardinality": "91", "largest": "UNAP_REV_RET", "non_null": 564995, "not_null": "546789", "top": [{"item": "513", "count": "121985"}, {"item": "521", "count": "117162"}, {"item": "501", "count": "68249"}, {"item": "540", "count": "65771"}, {"item": "581", "count": "41175"}, {"item": "865", "count": "24444"}, {"item": "460", "count": "14884"}, {"item": "520", "count": "11590"}, {"item": "ELU", "count": "6360"}, {"item": "ELS", "count": "6360"}, {"item": "MAND_FRING_BEN", "count": "6352"}, {"item": "560", "count": "6300"}, {"item": "NON_PERS_SVCS", "count": "5794"}, {"item": "475", "count": "5117"}, {"item": "430", "count": "4137"}, {"item": "445", "count": "3315"}, {"item": "440", "count": "3303"}, {"item": "435", "count": "3178"}, {"item": "SALARIES", "count": "2524"}, {"item": "410", "count": "2408"}], "null": "0"}, "name": "Character Code", "dataTypeName": "text", "description": "In the type hierarchy, Character is the highest level. For example, salaries, benefits, contractual services, and materials & supplies are recorded as different Characters. ", "width": 100}, {"renderTypeName": "text", "id": 385492423, "tableColumnId": 9139509, "fieldName": "character", "format": {"align": "left"}, "position": 11, "cachedContents": {"smallest": "Aid Assistance", "cardinality": "50", "largest": "Transfer Out For Captl Expend", "non_null": 522306, "not_null": "522306", "top": [{"item": "Mandatory Fringe Benefits", "count": "121985"}, {"item": "Non Personnel Services", "count": "117162"}, {"item": "Salaries", "count": "68249"}, {"item": "Materials & Supplies", "count": "65771"}, {"item": "Services Of Other Depts", "count": "41175"}, {"item": "Expenditure Recovery", "count": "24444"}, {"item": "Charges For Services", "count": "14884"}, {"item": "Overhead and Allocations", "count": "11590"}, {"item": "Capital Outlay", "count": "6300"}, {"item": "Transfer Adjustments-Sources", "count": "6161"}, {"item": "Transfer Adjustments-Uses", "count": "6161"}, {"item": "Other Revenues", "count": "5117"}, {"item": "Interest & Investment Income", "count": "4137"}, {"item": "Intergovernmental Rev-State", "count": "3315"}, {"item": "Intergovernmental Rev-Federal", "count": "3303"}, {"item": "Rents & Concessions", "count": "3178"}, {"item": "Property Taxes", "count": "2408"}, {"item": "Operating Transfers In", "count": "1843"}, {"item": "City Grant Programs", "count": "1836"}, {"item": "Operating Transfers Out", "count": "1819"}], "null": "24483"}, "name": "Character", "dataTypeName": "text", "description": "In the type hierarchy, Character is the highest level. For example, salaries, benefits, contractual services, and materials & supplies are recorded as different Characters. ", "width": 208}, {"renderTypeName": "text", "id": 385492424, "tableColumnId": 18844664, "fieldName": "object_code", "format": {"align": "left"}, "position": 12, "cachedContents": {"smallest": "072", "cardinality": "554", "largest": "WATER_SEW_TRT_SUPP", "non_null": 564749, "not_null": "546543", "top": [{"item": "501", "count": "41934"}, {"item": "581", "count": "41168"}, {"item": "515", "count": "31750"}, {"item": "535", "count": "30048"}, {"item": "549", "count": "28565"}, {"item": "514", "count": "25993"}, {"item": "865", "count": "23023"}, {"item": "527", "count": "21121"}, {"item": "519", "count": "20676"}, {"item": "513", "count": "18434"}, {"item": "542", "count": "15772"}, {"item": "516", "count": "12768"}, {"item": "517", "count": "12361"}, {"item": "520", "count": "10320"}, {"item": "521", "count": "9184"}, {"item": "509", "count": "8868"}, {"item": "523", "count": "8145"}, {"item": "522", "count": "7857"}, {"item": "511", "count": "7215"}, {"item": "510", "count": "7060"}], "null": "246"}, "name": "Object Code", "dataTypeName": "text", "description": "In the type hierarchy, Object is the middle level. For example, within the Salaries Character, Objects differentiate between Permanent Salaries, Temporary Salaries, and Overtime pay. ", "width": 100}, {"renderTypeName": "text", "id": 385492425, "tableColumnId": 9139510, "fieldName": "object", "format": {"align": "left"}, "position": 13, "cachedContents": {"smallest": "Aid Assistance", "cardinality": "260", "largest": "Water Sewage Treatmnt Supplies", "non_null": 522306, "not_null": "522306", "top": [{"item": "Permanent Salaries-Misc", "count": "41934"}, {"item": "Svcs Of Other Depts -AAO Funds", "count": "41168"}, {"item": "Health Service", "count": "31750"}, {"item": "Other Current Expenses", "count": "30048"}, {"item": "Other Materials & Supplies", "count": "28565"}, {"item": "Social Security", "count": "25993"}, {"item": "Recovery for Svcs to AAO Funds", "count": "23023"}, {"item": "Profess & Specialized Svcs", "count": "21121"}, {"item": "Other Fringe Benefits", "count": "20676"}, {"item": "Retirement", "count": "18434"}, {"item": "Building & Constructn Supplies", "count": "15772"}, {"item": "Dental Coverage", "count": "12768"}, {"item": "Unemployment Insurance", "count": "12361"}, {"item": "Overhead", "count": "10320"}, {"item": "Travel", "count": "9184"}, {"item": "Premium Pay", "count": "8868"}, {"item": "Employee Expenses", "count": "8145"}, {"item": "Training", "count": "7857"}, {"item": "Overtime", "count": "7215"}, {"item": "One-Time Payments", "count": "7060"}], "null": "24483"}, "name": "Object", "dataTypeName": "text", "description": "In the type hierarchy, Object is the middle level. For example, within the Salaries Character, Objects differentiate between Permanent Salaries, Temporary Salaries, and Overtime pay. ", "width": 172}, {"renderTypeName": "text", "id": 385492426, "tableColumnId": 18844665, "fieldName": "sub_object_code", "format": {"align": "left"}, "position": 14, "cachedContents": {"smallest": "00310", "cardinality": "2569", "largest": "NKEY", "non_null": 564995, "not_null": "546789", "top": [{"item": "501010", "count": "14247"}, {"item": "514020", "count": "13671"}, {"item": "514010", "count": "13596"}, {"item": "515010", "count": "13419"}, {"item": "516010", "count": "13399"}, {"item": "517010", "count": "13003"}, {"item": "519120", "count": "12562"}, {"item": "515710", "count": "10974"}, {"item": "513010", "count": "10537"}, {"item": "501050", "count": "9492"}, {"item": "509010", "count": "9349"}, {"item": "501020", "count": "9185"}, {"item": "501040", "count": "8862"}, {"item": "527990", "count": "7876"}, {"item": "513710", "count": "7608"}, {"item": "511010", "count": "7100"}, {"item": "519110", "count": "6180"}, {"item": "549510", "count": "6033"}, {"item": "535990", "count": "5910"}, {"item": "549990", "count": "5694"}], "null": "0"}, "name": "Sub-object Code", "dataTypeName": "text", "description": "In the type hierarchy, Sub-object is the lowest level of detail. For instance, within the Overtime Object, Sub-object segregates overtime for nurses from overtime for police officers and fire fighters (known as uniformed staff).", "width": 100}, {"renderTypeName": "text", "id": 385492427, "tableColumnId": 9139511, "fieldName": "sub_object", "format": {"align": "left"}, "position": 15, "cachedContents": {"smallest": "10B Adm Code Overhead - Police", "cardinality": "2419", "largest": "Zellerbach Rehearsal Hall", "non_null": 522306, "not_null": "522306", "top": [{"item": "Perm Salaries-Misc-Regular", "count": "13612"}, {"item": "Social Sec-Medicare(HI Only)", "count": "13026"}, {"item": "Social Security (Oasdi & Hi)", "count": "12967"}, {"item": "Health Service-City Match", "count": "12790"}, {"item": "Dental Coverage", "count": "12766"}, {"item": "Unemployment Insurance", "count": "12361"}, {"item": "Long Term Disability Insurance", "count": "11976"}, {"item": "Dependent Coverage", "count": "10731"}, {"item": "Retire City Misc", "count": "9908"}, {"item": "Misc-Other Timeoff", "count": "9206"}, {"item": "Premium Pay - Misc", "count": "8973"}, {"item": "Misc-Sick Pay", "count": "8917"}, {"item": "Misc-Vacation", "count": "8614"}, {"item": "Retirement Pick Up", "count": "7577"}, {"item": "Other Professional Services", "count": "7544"}, {"item": "Overtime - Scheduled Misc", "count": "6766"}, {"item": "Other Office Supplies", "count": "5911"}, {"item": "Flexible Benefit Package", "count": "5905"}, {"item": "Other Current Expenses", "count": "5646"}, {"item": "Other Materials & Supplies", "count": "5495"}], "null": "24483"}, "name": "Sub-object", "dataTypeName": "text", "description": "In the type hierarchy, Sub-object is the lowest level of detail. For instance, within the Overtime Object, Sub-object segregates overtime for nurses from overtime for police officers and fire fighters (known as uniformed staff).", "width": 245}, {"renderTypeName": "text", "id": 385492428, "tableColumnId": 18844686, "fieldName": "fund_type_code", "format": {"align": "left"}, "position": 16, "cachedContents": {"smallest": "1G", "cardinality": "39", "largest": "SP_REV", "non_null": 564995, "not_null": "546789", "top": [{"item": "1G", "count": "205578"}, {"item": "2S", "count": "115473"}, {"item": "5W", "count": "34571"}, {"item": "5M", "count": "22346"}, {"item": "3C", "count": "20628"}, {"item": "5A", "count": "17129"}, {"item": "5T", "count": "15421"}, {"item": "5H", "count": "14843"}, {"item": "5P", "count": "12922"}, {"item": "5C", "count": "12724"}, {"item": "6I", "count": "12204"}, {"item": "5N", "count": "10112"}, {"item": "GEN_FUND", "count": "7996"}, {"item": "5L", "count": "7101"}, {"item": "ENT_FUND", "count": "6680"}, {"item": "SP_REV", "count": "6204"}, {"item": "7E", "count": "5698"}, {"item": "7A", "count": "3859"}, {"item": "7P", "count": "3126"}, {"item": "7Q", "count": "2230"}], "null": "0"}, "name": "Fund Type Code", "dataTypeName": "text", "description": "In the Fund hierarchy, Fund Type is the highest level, and is used to group Funds according to governmental accounting standards. ", "width": 100}, {"renderTypeName": "text", "id": 385492429, "tableColumnId": 9139512, "fieldName": "fund_type", "format": {"align": "left"}, "position": 17, "cachedContents": {"smallest": "Agency Funds", "cardinality": "28", "largest": "Treasurer's Group Of Accounts", "non_null": 522552, "not_null": "522552", "top": [{"item": "General Fund", "count": "205578"}, {"item": "Special Revenue Funds", "count": "115473"}, {"item": "PUC Water Department Funds", "count": "34571"}, {"item": "MTA Municipal Railway Funds", "count": "22346"}, {"item": "Capital Projects Funds", "count": "20628"}, {"item": "SF International Airport Funds", "count": "17129"}, {"item": "PUC Hetch Hetchy Funds", "count": "15421"}, {"item": "General Hospital Medical Center Funds", "count": "14843"}, {"item": "Port Of San Francisco Funds", "count": "12922"}, {"item": "PUC Wastewater Funds", "count": "12724"}, {"item": "Internal Service Funds", "count": "12204"}, {"item": "MTA Parking & Traffic Funds", "count": "10112"}, {"item": "Laguna Honda Hospital Funds", "count": "7101"}, {"item": "Expendable Trust Funds", "count": "5698"}, {"item": "Agency Funds", "count": "3859"}, {"item": "Pension Trust Funds", "count": "3126"}, {"item": "Other Employee Benefit Trust Funds", "count": "2230"}, {"item": "MTA Parking Garages/Other", "count": "2066"}, {"item": "Treasure Island Development Authority", "count": "1575"}, {"item": "Successor Agency-Former SF Redev Agency", "count": "1060"}], "null": "24237"}, "name": "Fund Type", "dataTypeName": "text", "description": "In the Fund hierarchy, Fund Type is the highest level, and is used to group Funds according to governmental accounting standards. ", "width": 208}, {"renderTypeName": "text", "id": 385492430, "tableColumnId": 18844701, "fieldName": "fund_code", "format": {"align": "left"}, "position": 18, "cachedContents": {"smallest": "1GAGF", "cardinality": "475", "largest": "SP_REV~CHLD_SUPP_SRVCS", "non_null": 564995, "not_null": "546789", "top": [{"item": "1GAGF", "count": "202929"}, {"item": "2SPWF", "count": "20127"}, {"item": "5WAAA", "count": "18014"}, {"item": "5MAAA", "count": "15094"}, {"item": "2SPPF", "count": "14841"}, {"item": "5HAAA", "count": "14350"}, {"item": "5AAAA", "count": "14169"}, {"item": "5TAAA", "count": "13933"}, {"item": "5PAAA", "count": "11258"}, {"item": "2SCHS", "count": "11242"}, {"item": "5WPUC", "count": "10177"}, {"item": "2SLIB", "count": "8601"}, {"item": "2SCRF", "count": "7890"}, {"item": "5CAAA", "count": "7671"}, {"item": "6ITIF", "count": "6891"}, {"item": "2SBIF", "count": "6281"}, {"item": "3CSIF", "count": "6254"}, {"item": "5WCPF", "count": "6087"}, {"item": "2SNDF", "count": "5889"}, {"item": "5MCPF", "count": "5746"}], "null": "0"}, "name": "Fund Code", "dataTypeName": "text", "description": "In the Fund hierarchy, Fund is the middle level. For example, within the Special Revenue Fund Type, you can find the Children\u2019s Fund and the Open Space & Park Fund. ", "width": 100}, {"renderTypeName": "text", "id": 385492431, "tableColumnId": 9139513, "fieldName": "fund", "format": {"align": "left"}, "position": 19, "cachedContents": {"smallest": "Airport Capital Projects Fund", "cardinality": "139", "largest": "Water Trust & Agency Fund", "non_null": 522552, "not_null": "522552", "top": [{"item": "General Fund", "count": "202929"}, {"item": "Public Works, Transp. & Commerce Fund", "count": "20127"}, {"item": "Water Operating Fund", "count": "18014"}, {"item": "Muni Operating Fund", "count": "15094"}, {"item": "Public Protection Fund", "count": "14841"}, {"item": "General Hopsital Operating Fund", "count": "14350"}, {"item": "Airport Operating Fund", "count": "14169"}, {"item": "Hetch Hetchy Operating Fund", "count": "13933"}, {"item": "Port Operating Fund", "count": "11258"}, {"item": "Community Health Services Fund", "count": "11242"}, {"item": "PUC Operating Fund", "count": "10177"}, {"item": "Public Library Fund", "count": "8601"}, {"item": "Culture & Recreation Fund", "count": "7890"}, {"item": "Wastewater Operating Fund", "count": "7671"}, {"item": "Telecomm. & Information Svcs Fund", "count": "6891"}, {"item": "Building Inspection Fund", "count": "6281"}, {"item": "Street Improvement Fund", "count": "6254"}, {"item": "Water Capital Projects Fund", "count": "6087"}, {"item": "Neighborhood Development Fund", "count": "5889"}, {"item": "Muni Capital Projects Fund", "count": "5746"}], "null": "24237"}, "name": "Fund", "dataTypeName": "text", "description": "In the Fund hierarchy, Fund is the middle level. For example, within the Special Revenue Fund Type, you can find the Children\u2019s Fund and the Open Space & Park Fund. ", "width": 254}, {"renderTypeName": "text", "id": 385492432, "tableColumnId": 18844702, "fieldName": "fund_category_code", "format": {"align": "left"}, "position": 20, "cachedContents": {"smallest": "0", "cardinality": "7", "largest": "6", "non_null": 561733, "not_null": "543527", "top": [{"item": "1", "count": "288852"}, {"item": "3", "count": "121863"}, {"item": "5", "count": "55916"}, {"item": "4", "count": "44327"}, {"item": "2", "count": "29042"}, {"item": "0", "count": "2983"}, {"item": "6", "count": "544"}], "null": "3262"}, "name": "Fund Category Code", "dataTypeName": "text", "description": "In the Fund hierarchy, Fund Category is the lowest level. Within Fund, Fund Categories group activity by their characteristics: Operating, Annual Projects, Continuing Projects, Grants, Interdepartmental/Work Order.", "width": 130}, {"renderTypeName": "text", "id": 385492433, "tableColumnId": 9139514, "fieldName": "fund_category", "format": {"align": "left"}, "position": 21, "cachedContents": {"smallest": "Annual Projects", "cardinality": "10", "largest": "Work Orders/Overhead", "non_null": 561733, "not_null": "543527", "top": [{"item": "Operating", "count": "288852"}, {"item": "Continuing Projects", "count": "115086"}, {"item": "Work Orders/Overhead", "count": "55916"}, {"item": "Grants", "count": "42830"}, {"item": "Annual Projects", "count": "27204"}, {"item": "Continuing Projects - Authority Control", "count": "6777"}, {"item": "Unspecified", "count": "2983"}, {"item": "Annual Projects - Authority Control", "count": "1838"}, {"item": "Grants Projects", "count": "1497"}, {"item": "Continuing Projects - Project Control", "count": "544"}], "null": "3262"}, "name": "Fund Category", "dataTypeName": "text", "description": "In the Fund hierarchy, Fund Category is the lowest level. Within Fund, Fund Categories group activity by their characteristics: Operating, Annual Projects, Continuing Projects, Grants, Interdepartmental/Work Order.", "width": 170}, {"renderTypeName": "number", "id": 385492434, "tableColumnId": 18844060, "fieldName": "amount", "format": {"align": "right", "precision": "2", "precisionStyle": "standard"}, "position": 22, "cachedContents": {"smallest": "-1720845743.22", "cardinality": "424125", "largest": "2011790087.31", "non_null": 564995, "not_null": "546789", "top": [{"item": "0", "count": "670"}, {"item": "10000", "count": "436"}, {"item": "5000", "count": "404"}, {"item": "1000", "count": "399"}, {"item": "25000", "count": "371"}, {"item": "2000", "count": "360"}, {"item": "200", "count": "360"}, {"item": "100", "count": "359"}, {"item": "20000", "count": "356"}, {"item": "500", "count": "350"}, {"item": "50000", "count": "338"}, {"item": "50", "count": "304"}, {"item": "150", "count": "303"}, {"item": "300", "count": "303"}, {"item": "3000", "count": "293"}, {"item": "40", "count": "280"}, {"item": "15000", "count": "272"}, {"item": "1500", "count": "258"}, {"item": "2500", "count": "255"}, {"item": "100000", "count": "250"}], "sum": "391912985892.22", "average": "693657.4410255312", "null": "0"}, "name": "Amount", "dataTypeName": "number", "description": "The amount earned (Revenue) or spent (Spending) by the City and County of San Francisco.", "width": 100}], "publicationAppendEnabled": true, "approvals": [{"submissionOutcome": "change_audience", "submissionObject": "public_audience_request", "submissionOutcomeApplication": {"status": "success", "failureCount": 0}, "submitter": {"id": "dbag-6qd9", "displayName": "OpenData"}, "submissionId": 648183, "reviewedAutomatically": true, "state": "approved", "submissionDetails": {"permissionType": "READ"}, "submittedAt": 1543876698, "workflowId": 2017, "reviewedAt": 1543876698}], "grants": [{"flags": ["public"], "type": "viewer", "inherited": false}], "rowsUpdatedAt": 1560755137, "provenance": "official", "license": {"name": "Open Data Commons Public Domain Dedication and License", "termsLink": "http://opendatacommons.org/licenses/pddl/1.0/"}, "newBackend": true, "tags": ["spending", "revenue", "amount", "sfopenbook", "open book", "openbook"], "rowsUpdatedBy": "dbag-6qd9", "viewLastModified": 1561359609, "viewType": "tabular", "tableAuthor": {"id": "dbag-6qd9", "displayName": "OpenData", "type": "interactive", "screenName": "OpenData"}, "indexUpdatedAt": 1543876851, "averageRating": 0, "publicationDate": 1543876698, "downloadCount": 2177, "metadata": {"custom_fields": {"Department Metrics": {"Publishing Department": "Controller"}, "Detailed Descriptive": {"Geographic unit": "Not applicable"}, "Publishing Details": {"Publishing frequency": "Weekly", "Data change frequency": "Weekly"}}, "jsonQuery": {"order": [{"columnFieldName": "fiscal_year", "ascending": false}, {"columnFieldName": "revenue_or_spending", "ascending": true}]}, "rdfClass": "", "attachments": [{"blobId": "", "filename": "N:\\EIS\\DataCoordination\\Metadata Spring Cleaning\\CON_DataDictionary_Spending-and-Revenue.pdf", "assetId": "l4Kfvck4E4fPLMGB6_qQdbLzKTmY9X3s8Xcnz0gF-w4", "name": "CON_DataDictionary_Spending-and-Revenue.pdf"}, {"blobId": "", "filename": "CON_DataDictionary_Spending-and-Revenue.xlsx", "assetId": "a3921805-5dfd-4d3e-9b64-9f7cd26cd5f5", "name": "CON_DataDictionary_Spending-and-Revenue.xlsx"}], "rdfSubject": "0", "rowIdentifier": "0", "renderTypeConfig": {"visible": {"table": true}}, "availableDisplayTypes": ["table", "fatrow", "page"], "rowLabel": "Row"}, "rowClass": "", "numberOfComments": 0, "createdAt": 1364935607}